t,f,prom,rms
0.372,,,0.064397
0.622,,,0.071722
0.872,,,0.064192
1.122,,,0.056100
1.372,,,0.054321
1.622,,,0.038259
1.872,,,0.030705
2.122,,,0.027458
2.372,,,0.025711
2.622,,,0.025478
2.872,,,0.025543
3.122,,,0.024382
3.372,,,0.025407
3.622,,,0.027022
3.872,,,0.029149
4.122,,,0.031230
4.372,,,0.031371
4.622,,,0.031247
4.872,,,0.029558
5.122,,,0.028739
5.372,,,0.028818
5.622,,,0.028651
5.872,,,0.029652
6.122,,,0.031351
6.372,,,0.034033
6.622,,,0.037019
6.872,,,0.040437
7.122,,,0.040995
7.372,,,0.040508
7.622,,,0.041748
7.872,,,0.051343
8.122,,,0.059708
8.372,,,0.065215
8.622,,,0.070583
8.872,,,0.070386
9.122,,,0.071342
9.372,,,0.072794
9.622,,,0.073332
9.872,,,0.073094
10.122,,,0.071659
10.372,,,0.076730
10.622,,,0.082717
10.872,,,0.081801
11.122,,,0.080121
11.372,,,0.078817
11.622,,,0.076328
11.872,,,0.080459
12.122,,,0.082764
12.372,,,0.078390
12.622,,,0.072720
12.872,,,0.064099
13.122,,,0.056993
13.372,,,0.051094
13.622,,,0.043808
13.872,,,0.043581
14.122,,,0.052411
14.372,,,0.058816
14.622,,,0.062484
14.872,,,0.063328
15.122,,,0.056782
15.372,,,0.052375
15.622,,,0.048288
15.872,,,0.044272
16.122,,,0.042707
16.372,,,0.037700
16.622,,,0.036881
16.872,,,0.036816
17.122,,,0.035248
17.372,,,0.037868
17.622,,,0.040546
17.872,,,0.050786
18.122,,,0.051923
18.372,,,0.051910
18.622,,,0.053015
18.872,,,0.047261
19.122,,,0.061139
19.372,,,0.062723
19.622,,,0.059574
19.872,,,0.055596
20.122,,,0.037998
20.372,,,0.031902
20.622,,,0.031878
20.872,,,0.031488
21.122,,,0.031391
21.372,,,0.030719
21.622,,,0.029868
21.872,,,0.029673
22.122,,,0.028322
22.372,,,0.028356
22.622,,,0.029172
22.872,,,0.030516
23.122,,,0.032239
23.372,,,0.033799
23.622,,,0.034232
23.872,,,0.033432
24.122,,,0.035699
24.372,,,0.046126
24.622,,,0.058973
24.872,,,0.069248
25.122,,,0.076787
25.372,,,0.076148
25.622,,,0.071231
25.872,,,0.065978
26.122,,,0.060011
26.372,,,0.057877
26.622,,,0.057389
26.872,,,0.057646
27.122,,,0.057357
27.372,,,0.056821
27.622,,,0.056119
27.872,,,0.054884
28.122,,,0.055285
28.372,,,0.055901
28.622,,,0.055885
28.872,,,0.056506
29.122,,,0.056530
29.372,,,0.055549
29.622,,,0.055513
29.872,,,0.056876
30.122,,,0.057493
30.372,,,0.059086
30.622,,,0.061015
30.872,,,0.061224
31.122,,,0.061645
31.372,,,0.063163
31.622,,,0.062342
31.872,,,0.061448
32.122,,,0.061277
32.372,,,0.058733
32.622,,,0.058028
32.872,,,0.058975
33.122,,,0.058630
33.372,,,0.059189
33.622,,,0.059620
33.872,,,0.057804
34.122,,,0.057137
34.372,,,0.057304
34.622,,,0.056447
34.872,,,0.057859
35.122,,,0.058036
35.372,,,0.057881
35.622,,,0.058142
35.872,,,0.056913
36.122,,,0.056751
36.372,,,0.055917
36.622,,,0.055263
36.872,,,0.055354
37.122,,,0.055643
37.372,,,0.055892
37.622,,,0.055951
37.872,,,0.056200
38.122,,,0.055896
38.372,,,0.055596
38.622,,,0.058642
38.872,,,0.061475
39.122,,,0.064939
39.372,,,0.067580
39.622,,,0.068961
39.872,,,0.070542
40.122,,,0.071174
40.372,,,0.072072
40.622,,,0.072137
40.872,,,0.071689
41.122,,,0.070476
41.372,,,0.069524
41.622,,,0.068044
41.872,,,0.067023
42.122,,,0.066628
42.372,,,0.066744
42.622,,,0.066153
42.872,,,0.065482
43.122,,,0.065713
43.372,,,0.065054
43.622,,,0.065461
43.872,,,0.065006
44.122,,,0.065186
44.372,,,0.065018
44.622,,,0.064379
44.872,,,0.062737
45.122,,,0.061146
45.372,,,0.062193
45.622,,,0.065041
45.872,,,0.066948
46.122,,,0.067943
46.372,,,0.068586
46.622,,,0.067741
46.872,,,0.069213
47.122,,,0.069852
47.372,,,0.070837
47.622,,,0.069107
47.872,,,0.067245
48.122,,,0.064830
48.372,,,0.060667
48.622,,,0.058905
48.872,,,0.056203
49.122,,,0.055747
49.372,,,0.056139
49.622,,,0.060318
49.872,,,0.066412
50.122,,,0.068904
50.372,,,0.069964
50.622,,,0.068916
50.872,,,0.065172
51.122,,,0.064677
51.372,,,0.064318
51.622,,,0.066152
51.872,,,0.068659
52.122,,,0.069134
52.372,,,0.072309
52.622,,,0.071732
52.872,,,0.071660
53.122,,,0.072676
53.372,,,0.073531
53.622,,,0.074898
53.872,,,0.075554
54.122,,,0.078190
54.372,,,0.076705
54.622,,,0.075888
54.872,,,0.076472
55.122,,,0.075066
55.372,,,0.075707
55.622,,,0.074499
55.872,,,0.073263
56.122,,,0.071546
56.372,,,0.070437
56.622,,,0.069820
56.872,,,0.068946
57.122,,,0.068757
57.372,,,0.068245
57.622,,,0.071438
57.872,,,0.074308
58.122,,,0.075986
58.372,,,0.077269
58.622,,,0.077423
58.872,,,0.076822
59.122,,,0.077304
59.372,,,0.077068
59.622,,,0.077326
59.872,,,0.078533
60.122,,,0.079410
60.372,,,0.080704
60.622,,,0.076302
60.872,,,0.072399
61.122,,,0.068597
61.372,,,0.066614
61.622,,,0.070942
61.872,,,0.071041
62.122,,,0.074058
62.372,,,0.075736
62.622,,,0.074993
62.872,,,0.073576
63.122,,,0.068437
63.372,,,0.063474
63.622,,,0.057824
63.872,,,0.057128
64.122,,,0.058031
64.372,,,0.057806
64.622,,,0.060389
64.872,,,0.063787
65.122,,,0.065271
65.372,,,0.066478
65.622,,,0.071477
65.872,,,0.071868
66.122,,,0.074551
66.372,,,0.077197
66.622,,,0.075517
66.872,84.856,13.5,0.073661
67.122,85.244,15.0,0.071361
67.372,85.992,16.8,0.072295
67.622,86.958,14.0,0.073604
67.872,88.491,12.1,0.076379
68.122,,,0.079146
68.372,,,0.080569
68.622,,,0.080461
68.872,92.037,15.6,0.081066
69.122,92.138,15.9,0.083830
69.372,91.454,17.0,0.081918
69.622,94.416,16.0,0.086071
69.872,94.967,16.5,0.088465
70.122,96.084,16.9,0.085576
70.372,97.238,18.0,0.088252
70.622,97.048,17.8,0.088472
70.872,100.530,15.4,0.087712
71.122,100.900,19.3,0.090023
71.372,101.993,20.8,0.090727
71.622,102.174,19.1,0.088884
71.872,103.213,18.5,0.086116
72.122,104.049,24.6,0.082890
72.372,104.201,23.7,0.081411
72.622,106.024,22.1,0.077786
72.872,107.195,19.5,0.080320
73.122,108.404,17.8,0.084589
73.372,110.058,13.9,0.085337
73.622,109.464,19.8,0.086034
73.872,110.442,24.2,0.083735
74.122,111.373,23.9,0.081509
74.372,112.688,19.3,0.082750
74.622,113.493,15.5,0.085258
74.872,115.665,17.5,0.088028
75.122,116.820,19.2,0.088910
75.372,117.432,17.8,0.086985
75.622,115.404,16.1,0.088641
75.872,120.914,15.7,0.088970
76.122,121.027,19.2,0.091967
76.372,121.690,18.1,0.092408
76.622,121.645,20.6,0.092193
76.872,125.332,21.6,0.092435
77.122,124.956,24.0,0.087949
77.372,126.215,21.8,0.089286
77.622,126.282,25.2,0.086249
77.872,126.585,29.5,0.083826
78.122,127.290,30.0,0.083973
78.372,128.021,29.2,0.080345
78.622,130.511,27.3,0.082169
78.872,131.317,20.9,0.084686
79.122,131.984,19.5,0.088181
79.372,132.047,21.8,0.090719
79.622,133.758,25.5,0.089488
79.872,134.029,25.3,0.087890
80.122,134.576,25.8,0.087644
80.372,137.728,26.7,0.087083
80.622,138.643,33.0,0.087789
80.872,139.063,32.7,0.088851
81.122,140.106,32.6,0.084998
81.372,140.442,28.1,0.085219
81.622,142.509,24.2,0.084526
81.872,144.041,25.7,0.086169
82.122,145.488,29.7,0.088266
82.372,146.272,28.4,0.086551
82.622,146.609,27.7,0.087876
82.872,146.888,23.0,0.089011
83.122,147.478,20.3,0.088282
83.372,150.611,23.5,0.089930
83.622,149.329,26.3,0.091141
83.872,151.916,27.5,0.088798
84.122,152.221,27.3,0.091595
84.372,152.690,24.2,0.091223
84.622,154.943,23.8,0.090694
84.872,153.843,24.4,0.090033
85.122,154.503,28.6,0.090074
85.372,155.185,33.9,0.093824
85.622,155.836,36.4,0.093758
85.872,157.343,34.9,0.095341
86.122,158.910,29.6,0.093430
86.372,155.612,30.7,0.090405
86.622,161.085,33.2,0.086358
86.872,160.575,31.8,0.083121
87.122,162.767,27.6,0.082846
87.372,160.275,31.0,0.083869
87.622,160.122,29.7,0.089308
87.872,166.319,26.7,0.090526
88.122,166.653,32.0,0.092591
88.372,168.100,31.7,0.092588
88.622,168.871,29.9,0.088604
88.872,169.337,28.2,0.089063
89.122,170.892,23.9,0.086337
89.372,172.883,21.2,0.085321
89.622,173.320,27.8,0.087926
89.872,173.689,28.9,0.090827
90.122,173.990,28.4,0.095727
90.372,175.523,33.1,0.096390
90.622,175.772,32.2,0.098241
90.872,178.438,34.0,0.098150
91.122,178.634,36.9,0.097517
91.372,179.988,34.4,0.098750
91.622,181.181,37.1,0.096909
91.872,181.788,38.6,0.095941
92.122,182.838,36.7,0.094003
92.372,184.051,33.6,0.092571
92.622,184.726,31.9,0.092885
92.872,185.744,28.9,0.094038
93.122,187.121,32.0,0.094787
93.372,187.466,35.2,0.094772
93.622,188.219,35.0,0.096779
93.872,189.813,34.1,0.096795
94.122,190.549,32.7,0.094205
94.372,190.907,32.6,0.092886
94.622,191.004,29.4,0.091197
94.872,191.113,23.6,0.090347
95.122,194.791,23.9,0.094638
95.372,195.431,25.8,0.097753
95.622,196.817,31.0,0.099078
95.872,197.321,33.8,0.097892
96.122,198.191,29.3,0.096745
96.372,199.763,28.0,0.096979
96.622,200.095,30.3,0.097364
96.872,200.395,28.8,0.103159
97.122,202.280,32.1,0.102912
97.372,202.480,32.9,0.101742
97.622,202.554,29.6,0.101352
97.872,203.291,24.7,0.099357
98.122,203.136,24.2,0.098648
98.372,202.933,27.1,0.100076
98.622,203.216,29.3,0.101745
98.872,202.600,33.8,0.100478
99.122,202.323,35.7,0.100038
99.372,202.085,33.6,0.097739
99.622,201.792,27.6,0.095717
99.872,200.896,27.4,0.094898
100.122,201.614,32.7,0.095631
100.372,201.840,32.7,0.099044
100.622,201.560,34.7,0.099033
100.872,201.469,37.4,0.101018
101.122,201.727,37.8,0.101217
101.372,201.184,35.6,0.097024
101.622,200.752,36.7,0.096518
101.872,201.533,26.2,0.095899
102.122,198.456,25.9,0.095743
102.372,198.645,30.0,0.096170
102.622,198.131,30.2,0.098867
102.872,198.215,32.4,0.099707
103.122,198.777,32.9,0.100510
103.372,198.903,31.2,0.102276
103.622,200.717,30.6,0.098961
103.872,200.343,33.0,0.095440
104.122,199.782,33.2,0.095707
104.372,199.904,31.2,0.095984
104.622,200.082,32.9,0.098510
104.872,199.499,32.0,0.103626
105.122,200.735,35.9,0.103618
105.372,200.467,39.8,0.103893
105.622,200.232,37.3,0.100553
105.872,201.517,30.8,0.096300
106.122,201.688,31.2,0.096621
106.372,201.108,33.7,0.097276
106.622,200.779,40.2,0.095674
106.872,200.898,36.0,0.094885
107.122,201.915,32.7,0.093463
107.372,200.700,31.1,0.088696
107.622,200.485,34.2,0.090287
107.872,200.591,34.0,0.090025
108.122,200.204,34.1,0.090283
108.372,199.759,33.3,0.092403
108.622,200.246,31.5,0.092899
108.872,200.090,28.5,0.094742
109.122,198.930,32.9,0.094431
109.372,198.870,35.4,0.093524
109.622,199.069,32.8,0.093177
109.872,198.913,24.5,0.091995
110.122,198.168,23.0,0.091568
110.372,198.319,24.5,0.093862
110.622,198.989,25.5,0.094097
110.872,198.768,28.9,0.092428
111.122,198.995,27.5,0.092529
111.372,200.184,25.8,0.092942
111.622,200.487,23.4,0.094895
111.872,199.170,21.6,0.097618
112.122,199.346,23.7,0.098963
112.372,199.465,25.7,0.099467
112.622,199.075,25.0,0.098101
112.872,196.422,25.5,0.097814
113.122,196.750,29.0,0.096122
113.372,196.954,29.3,0.094017
113.622,196.794,28.4,0.094462
113.872,196.767,25.6,0.094598
114.122,197.152,22.7,0.095668
114.372,195.211,26.3,0.095825
114.622,195.589,26.6,0.097117
114.872,196.283,28.2,0.097021
115.122,198.327,32.0,0.098044
115.372,197.539,30.3,0.097610
115.622,196.961,29.7,0.095496
115.872,197.774,31.4,0.095434
116.122,198.754,27.7,0.095970
116.372,196.586,25.1,0.098226
116.622,198.161,23.9,0.102062
116.872,198.848,29.7,0.101345
117.122,198.915,31.7,0.099660
117.372,199.183,31.9,0.097335
117.622,198.045,28.8,0.092953
117.872,196.696,32.6,0.093385
118.122,197.303,31.8,0.095036
118.372,196.663,32.5,0.096999
118.622,196.880,31.9,0.098957
118.872,196.715,33.0,0.101340
119.122,196.951,33.9,0.098422
119.372,197.047,31.1,0.098249
119.622,197.807,30.0,0.097015
119.872,197.039,29.0,0.095220
120.122,196.671,33.3,0.096425
120.372,196.830,32.3,0.097424
120.622,196.904,35.7,0.097974
120.872,196.933,35.5,0.094359
121.122,197.012,33.9,0.090216
121.372,197.427,28.3,0.088066
121.622,197.198,26.8,0.087070
121.872,196.483,31.3,0.091975
122.122,196.760,33.1,0.098427
122.372,196.752,34.3,0.099070
122.622,196.750,36.6,0.099782
122.872,196.845,37.0,0.099380
123.122,196.893,39.6,0.096969
123.372,196.827,36.5,0.096570
123.622,196.357,35.7,0.093269
123.872,196.454,33.3,0.089245
124.122,196.528,27.7,0.088733
124.372,196.818,27.7,0.087135
124.622,196.393,30.7,0.092818
124.872,196.271,31.5,0.096133
125.122,196.297,33.5,0.096386
125.372,196.537,33.9,0.099071
125.622,196.276,34.6,0.096372
125.872,196.533,33.6,0.095199
126.122,196.380,34.3,0.095029
126.372,196.291,33.4,0.094837
126.622,196.268,34.7,0.096177
126.872,196.238,34.3,0.096715
127.122,196.346,36.9,0.097414
127.372,196.627,38.4,0.096513
127.622,196.529,37.7,0.093518
127.872,196.447,35.3,0.093599
128.122,196.556,33.7,0.094314
128.372,196.474,32.5,0.092979
128.622,196.516,34.1,0.095435
128.872,196.827,34.2,0.095244
129.122,196.702,34.9,0.094374
129.372,196.352,35.1,0.095393
129.622,196.515,32.4,0.097041
129.872,196.291,32.8,0.099678
130.122,196.573,29.7,0.100592
130.372,197.886,23.2,0.102213
130.622,196.363,29.2,0.102730
130.872,196.432,35.1,0.100404
131.122,196.562,36.9,0.101618
131.372,196.488,36.7,0.102540
131.622,196.386,37.8,0.102312
131.872,196.207,36.5,0.102346
132.122,196.170,36.0,0.098329
132.372,196.464,33.8,0.096869
132.622,196.405,33.3,0.096518
132.872,196.518,33.5,0.095095
133.122,196.742,33.6,0.096953
133.372,196.522,31.9,0.095271
133.622,196.496,31.6,0.095551
133.872,196.577,30.9,0.097568
134.122,196.177,33.5,0.098349
134.372,195.694,34.0,0.098775
134.622,195.603,33.9,0.099424
134.872,195.224,34.7,0.098094
135.122,195.305,35.9,0.096681
135.372,196.230,35.5,0.093401
135.622,196.078,28.7,0.090763
135.872,196.208,31.0,0.091310
136.122,195.300,33.6,0.089345
136.372,195.826,31.7,0.090248
136.622,196.315,29.5,0.089806
136.872,195.753,24.4,0.090019
137.122,195.313,24.6,0.094162
137.372,195.027,23.8,0.097031
137.622,196.679,23.6,0.097448
137.872,197.279,19.7,0.099607
138.122,195.540,31.8,0.098558
138.372,195.893,33.1,0.100181
138.622,195.471,34.2,0.102525
138.872,195.215,32.9,0.100072
139.122,195.188,33.9,0.101755
139.372,195.241,34.2,0.100873
139.622,195.144,35.3,0.099727
139.872,195.085,36.0,0.099906
140.122,195.106,38.1,0.099598
140.372,195.091,34.8,0.099146
140.622,195.714,31.5,0.098965
140.872,196.024,30.0,0.101147
141.122,195.218,34.2,0.101298
141.372,194.928,37.6,0.101175
141.622,194.745,36.8,0.101815
141.872,194.971,36.5,0.100639
142.122,195.090,38.4,0.097889
142.372,194.922,39.6,0.094033
142.622,194.792,36.0,0.090512
142.872,196.122,29.0,0.087409
143.122,195.683,23.1,0.088167
143.372,194.199,28.3,0.093362
143.622,195.214,33.5,0.095626
143.872,195.455,37.3,0.097244
144.122,195.495,36.9,0.095513
144.372,195.106,37.0,0.094630
144.622,194.911,34.8,0.095925
144.872,194.857,36.9,0.097225
145.122,194.699,39.8,0.097447
145.372,194.882,38.9,0.094536
145.622,194.792,33.2,0.092285
145.872,194.136,30.7,0.090018
146.122,194.437,28.5,0.091260
146.372,194.614,30.5,0.094980
146.622,194.805,32.2,0.095354
146.872,194.729,34.1,0.094513
147.122,194.561,30.4,0.095607
147.372,193.959,31.8,0.097196
147.622,194.525,34.4,0.098379
147.872,194.698,38.5,0.100953
148.122,194.772,39.3,0.098501
148.372,194.757,37.8,0.091630
148.622,194.531,31.6,0.089395
148.872,194.131,29.7,0.088416
149.122,194.680,31.1,0.090154
149.372,194.828,35.3,0.094259
149.622,194.778,36.5,0.094459
149.872,194.771,35.9,0.094521
150.122,194.830,35.4,0.094852
150.372,194.934,33.1,0.095126
150.622,194.816,33.9,0.096173
150.872,194.755,36.1,0.096943
151.122,194.670,37.1,0.095963
151.372,194.459,34.8,0.095087
151.622,194.316,34.4,0.093433
151.872,194.347,32.4,0.090980
152.122,194.349,32.9,0.089996
152.372,194.698,34.2,0.090069
152.622,194.692,35.4,0.090919
152.872,194.699,36.4,0.090375
153.122,194.618,32.9,0.093027
153.372,194.845,31.4,0.095080
153.622,194.803,31.5,0.096274
153.872,194.548,34.8,0.099022
154.122,194.544,34.9,0.099837
154.372,194.491,35.3,0.099083
154.622,194.313,34.5,0.099783
154.872,194.543,35.6,0.099210
155.122,194.666,38.0,0.097926
155.372,194.811,39.1,0.097978
155.622,194.776,39.3,0.096377
155.872,194.796,38.0,0.095565
156.122,194.799,36.8,0.093773
156.372,194.794,37.8,0.091591
156.622,194.699,37.3,0.089271
156.872,194.554,36.9,0.086836
157.122,194.498,33.4,0.085098
157.372,194.606,33.2,0.086610
157.622,194.902,26.8,0.089303
157.872,194.870,26.4,0.093444
158.122,194.675,32.3,0.096489
158.372,194.549,33.9,0.095697
158.622,194.377,32.1,0.093899
158.872,194.121,30.1,0.090432
159.122,193.949,26.4,0.089996
159.372,194.231,30.9,0.092693
159.622,194.341,34.6,0.096553
159.872,194.395,36.6,0.099014
160.122,194.494,36.8,0.098084
160.372,194.637,38.4,0.094898
160.622,194.887,35.3,0.092811
160.872,195.101,33.7,0.092591
161.122,194.746,32.2,0.094077
161.372,194.680,32.6,0.096456
161.622,194.253,35.1,0.098044
161.872,194.223,35.4,0.100146
162.122,194.318,36.3,0.100661
162.372,194.455,35.4,0.097945
162.622,194.522,34.8,0.093359
162.872,194.364,31.4,0.089646
163.122,193.910,28.7,0.087059
163.372,194.233,30.2,0.089555
163.622,194.205,31.9,0.092268
163.872,194.209,35.8,0.093153
164.122,194.186,37.2,0.096077
164.372,194.240,37.9,0.096293
164.622,194.298,37.7,0.097335
164.872,194.304,38.0,0.100062
165.122,194.360,38.8,0.099074
165.372,194.534,38.1,0.097888
165.622,194.758,36.8,0.098333
165.872,194.919,36.4,0.096143
166.122,194.795,35.7,0.096839
166.372,194.805,35.3,0.097116
166.622,194.786,37.1,0.095836
166.872,194.755,37.9,0.093697
167.122,194.734,38.4,0.089749
167.372,194.849,37.1,0.088215
167.622,194.821,35.6,0.087202
167.872,194.816,36.5,0.089402
168.122,194.556,34.0,0.093452
168.372,194.435,35.0,0.095792
168.622,194.356,35.1,0.094963
168.872,194.324,36.9,0.094158
169.122,194.170,33.9,0.092248
169.372,194.084,34.7,0.093398
169.622,194.307,34.9,0.097072
169.872,194.627,37.3,0.100684
170.122,194.650,39.8,0.099999
170.372,194.687,41.1,0.095318
170.622,194.771,38.7,0.090805
170.872,194.986,35.1,0.087713
171.122,195.328,31.4,0.089124
171.372,194.709,30.8,0.092776
171.622,194.522,31.5,0.096315
171.872,194.404,33.9,0.096726
172.122,194.534,37.4,0.095964
172.372,194.671,39.1,0.094369
172.622,194.663,37.5,0.091490
172.872,194.664,37.4,0.089645
173.122,194.619,35.5,0.090311
173.372,194.585,33.6,0.088433
173.622,194.678,33.4,0.088783
173.872,194.748,34.6,0.087723
174.122,194.976,33.2,0.089593
174.372,195.009,34.0,0.094512
174.622,194.741,37.4,0.098031
174.872,194.759,39.5,0.100716
175.122,194.743,41.1,0.100896
175.372,194.804,39.5,0.099845
175.622,194.716,39.0,0.096073
175.872,194.775,39.1,0.095466
176.122,195.032,38.3,0.095255
176.372,194.768,37.9,0.096594
176.622,194.794,39.8,0.099686
176.872,194.724,40.2,0.099599
177.122,194.773,39.8,0.095433
177.372,194.726,40.2,0.090424
177.622,194.855,37.4,0.088100
177.872,194.754,36.0,0.085196
178.122,194.737,36.5,0.086806
178.372,194.865,35.5,0.090801
178.622,194.774,37.6,0.093113
178.872,194.719,38.1,0.094833
179.122,194.809,37.4,0.095710
179.372,194.874,37.1,0.095672
179.622,194.745,38.9,0.094755
179.872,194.780,40.2,0.095815
180.122,194.806,41.2,0.097331
180.372,194.772,40.9,0.096738
180.622,194.772,39.0,0.095356
180.872,194.717,38.7,0.092300
181.122,194.704,35.3,0.089164
181.372,194.506,29.9,0.086997
181.622,194.349,27.6,0.087678
181.872,194.614,29.3,0.091184
182.122,194.681,34.5,0.094751
182.372,194.677,36.7,0.097334
182.622,194.732,37.5,0.097453
182.872,194.787,39.3,0.097552
183.122,194.761,38.1,0.097040
183.372,194.774,39.0,0.096957
183.622,194.751,39.7,0.097433
183.872,194.719,40.3,0.097272
184.122,194.692,39.8,0.096759
184.372,194.699,38.6,0.095424
184.622,194.817,38.4,0.095129
184.872,194.766,37.4,0.093285
185.122,194.818,34.6,0.091403
185.372,194.725,32.1,0.091373
185.622,194.123,25.4,0.090603
185.872,194.224,26.9,0.093203
186.122,194.134,29.1,0.095403
186.372,194.252,32.0,0.097208
186.622,194.277,31.7,0.098843
186.872,194.212,33.6,0.098617
187.122,194.224,34.8,0.098763
187.372,194.223,36.4,0.100009
187.622,194.285,36.6,0.099963
187.872,194.248,38.7,0.100796
188.122,194.494,36.4,0.100394
188.372,194.537,35.2,0.096647
188.622,194.379,33.2,0.094143
188.872,194.188,31.7,0.092149
189.122,194.023,28.9,0.091677
189.372,194.046,27.1,0.094221
189.622,194.640,27.4,0.096491
189.872,194.619,29.1,0.097234
190.122,194.748,28.2,0.098196
190.372,195.175,29.4,0.096568
190.622,195.217,28.9,0.094876
190.872,195.025,30.3,0.096018
191.122,195.017,32.5,0.094519
191.372,194.814,33.6,0.093590
191.622,194.713,31.6,0.095028
191.872,194.448,31.4,0.093043
192.122,194.286,32.8,0.093213
192.372,194.325,33.4,0.094578
192.622,194.265,35.3,0.093543
192.872,194.398,33.7,0.093564
193.122,194.437,35.7,0.095812
193.372,194.231,36.1,0.097580
193.622,194.228,35.9,0.100248
193.872,194.332,37.7,0.101597
194.122,194.355,38.5,0.100568
194.372,194.398,38.8,0.100147
194.622,194.488,37.6,0.099744
194.872,194.371,38.0,0.097722
195.122,194.347,35.1,0.096422
195.372,194.731,33.4,0.095156
195.622,194.837,33.6,0.093246
195.872,194.956,34.9,0.093664
196.122,194.848,37.2,0.098010
196.372,194.739,38.2,0.099427
196.622,194.739,39.0,0.099772
196.872,194.779,38.8,0.099922
197.122,194.842,38.4,0.095868
197.372,194.790,37.7,0.093218
197.622,194.779,36.8,0.092037
197.872,195.011,36.7,0.091190
198.122,195.137,36.4,0.091341
198.372,194.909,37.2,0.094121
198.622,194.779,39.2,0.095945
198.872,194.761,42.3,0.097686
199.122,194.719,40.3,0.096873
199.372,194.769,40.5,0.094036
199.622,194.681,36.8,0.089913
199.872,194.618,33.9,0.086341
200.122,194.761,28.0,0.086769
200.372,194.597,26.2,0.087301
200.622,194.639,28.0,0.091886
200.872,194.331,23.1,0.092890
201.122,194.053,24.8,0.093547
201.372,194.410,27.9,0.093885
201.622,194.571,29.2,0.091941
201.872,194.415,27.9,0.094413
202.122,194.149,25.8,0.094253
202.372,194.636,25.6,0.094630
202.622,194.753,29.3,0.096394
202.872,194.861,31.0,0.097710
203.122,194.819,33.8,0.098074
203.372,194.716,35.4,0.098549
203.622,194.984,37.5,0.099960
203.872,194.883,37.8,0.100329
204.122,194.815,41.2,0.102401
204.372,194.889,42.9,0.103847
204.622,194.975,40.7,0.102424
204.872,195.032,41.3,0.099201
205.122,195.301,40.0,0.096249
205.372,195.506,38.9,0.094136
205.622,195.674,34.2,0.092835
205.872,196.187,30.2,0.093482
206.122,195.715,29.5,0.094481
206.372,195.484,32.2,0.097328
206.622,195.253,34.7,0.097667
206.872,195.154,31.1,0.098606
207.122,195.076,29.8,0.097861
207.372,195.055,33.1,0.095785
207.622,194.914,36.0,0.095942
207.872,194.727,37.0,0.093972
208.122,194.930,35.7,0.093267
208.372,194.917,36.9,0.089981
208.622,194.786,35.7,0.087474
208.872,194.792,34.8,0.087087
209.122,194.833,33.1,0.087141
209.372,195.054,31.4,0.089322
209.622,195.101,29.0,0.092304
209.872,195.009,32.0,0.096814
210.122,194.857,37.7,0.099256
210.372,195.035,38.9,0.100341
210.622,195.300,38.7,0.097986
210.872,195.367,35.7,0.096256
211.122,195.399,32.9,0.096123
211.372,195.512,30.4,0.099374
211.622,195.963,29.2,0.104397
211.872,196.078,29.1,0.105808
212.122,195.453,29.9,0.106063
212.372,195.600,32.7,0.103556
212.622,195.662,33.9,0.100721
212.872,195.515,35.5,0.100307
213.122,195.501,36.8,0.101023
213.372,195.539,34.7,0.102259
213.622,195.326,32.8,0.102276
213.872,195.428,34.0,0.099379
214.122,195.169,33.2,0.096893
214.372,195.008,36.4,0.095004
214.622,195.094,37.2,0.093839
214.872,195.045,36.8,0.090895
215.122,195.125,33.3,0.088967
215.372,194.890,26.5,0.087612
215.622,194.111,23.6,0.088184
215.872,194.350,26.5,0.090889
216.122,194.923,32.3,0.091243
216.372,194.963,33.3,0.090418
216.622,194.867,29.8,0.088880
216.872,194.309,24.5,0.089521
217.122,196.113,20.0,0.092363
217.372,195.236,28.1,0.095830
217.622,195.143,33.3,0.098478
217.872,195.479,33.9,0.100133
218.122,195.554,32.2,0.101214
218.372,195.534,32.6,0.098976
218.622,195.620,35.5,0.097963
218.872,195.486,35.5,0.096792
219.122,195.632,35.8,0.094066
219.372,195.487,36.6,0.095445
219.622,195.445,35.9,0.092342
219.872,195.364,34.1,0.092410
220.122,195.198,31.2,0.089866
220.372,194.714,26.4,0.088935
220.622,194.795,31.5,0.090712
220.872,194.575,28.9,0.093410
221.122,194.439,26.3,0.096512
221.372,194.065,30.6,0.096885
221.622,194.272,31.6,0.098294
221.872,194.473,32.0,0.097187
222.122,194.924,31.1,0.098941
222.372,194.991,32.5,0.101265
222.622,194.779,35.8,0.101693
222.872,194.680,36.5,0.098043
223.122,194.676,34.1,0.094575
223.372,193.703,30.1,0.090635
223.622,194.953,30.2,0.090669
223.872,195.031,33.1,0.092471
224.122,195.139,33.4,0.095984
224.372,195.307,33.7,0.097548
224.622,195.446,34.3,0.098561
224.872,195.218,35.2,0.100340
225.122,194.867,34.8,0.098243
225.372,194.895,31.1,0.098433
225.622,194.052,25.6,0.098094
225.872,194.234,28.1,0.099794
226.122,194.815,33.9,0.101797
226.372,194.862,38.7,0.102546
226.622,194.860,39.6,0.100940
226.872,194.930,39.2,0.097982
227.122,195.066,38.2,0.094644
227.372,195.216,37.1,0.092051
227.622,195.316,35.5,0.092688
227.872,194.925,35.8,0.092244
228.122,194.741,37.4,0.092567
228.372,195.012,33.7,0.094104
228.622,195.123,30.1,0.095558
228.872,195.319,27.8,0.097645
229.122,195.157,32.3,0.100861
229.372,195.048,36.8,0.102004
229.622,194.882,40.5,0.101107
229.872,195.064,40.3,0.100119
230.122,195.188,39.4,0.098209
230.372,195.258,38.0,0.098212
230.622,195.377,37.4,0.097942
230.872,195.353,34.2,0.099188
231.122,195.353,32.6,0.098402
231.372,195.544,33.6,0.097675
231.622,195.482,34.5,0.096804
231.872,195.503,35.6,0.095773
232.122,195.381,35.7,0.096379
232.372,195.359,32.4,0.097083
232.622,195.335,29.4,0.099370
232.872,195.937,27.4,0.098975
233.122,195.494,29.9,0.100291
233.372,195.539,34.3,0.099981
233.622,195.412,31.5,0.100123
233.872,195.447,30.2,0.099873
234.122,195.485,31.1,0.098203
234.372,195.374,33.8,0.096122
234.622,195.351,33.6,0.092585
234.872,195.216,33.1,0.091356
235.122,195.190,26.8,0.091240
235.372,194.347,21.2,0.092891
235.622,195.220,30.1,0.095806
235.872,195.305,34.1,0.099317
236.122,195.487,37.3,0.101453
236.372,195.573,36.6,0.099230
236.622,195.880,33.2,0.099799
236.872,195.983,31.6,0.098609
237.122,195.963,34.3,0.098331
237.372,195.965,33.6,0.100487
237.622,195.879,34.2,0.099510
237.872,196.073,33.1,0.100140
238.122,196.145,33.3,0.098976
238.372,195.854,32.9,0.098836
238.622,195.740,32.3,0.098282
238.872,195.712,32.3,0.097349
239.122,195.474,31.9,0.097536
239.372,195.504,28.4,0.096152
239.622,195.071,25.0,0.094221
239.872,195.565,24.8,0.093994
240.122,195.399,26.6,0.094587
240.372,195.657,27.5,0.097321
240.622,195.556,27.5,0.101632
240.872,195.275,28.1,0.103175
241.122,195.035,25.3,0.102202
241.372,195.522,24.3,0.098562
241.622,196.234,23.7,0.097656
241.872,196.592,23.7,0.097353
242.122,196.568,22.3,0.099389
242.372,196.137,24.9,0.102584
242.622,196.064,26.7,0.103165
242.872,195.634,24.8,0.103095
243.122,194.698,25.7,0.102417
243.372,196.029,26.9,0.102945
243.622,195.987,31.1,0.103610
243.872,196.109,36.0,0.102887
244.122,196.069,38.4,0.100699
244.372,196.024,36.0,0.098428
244.622,195.246,33.5,0.097590
244.872,195.617,32.4,0.097607
245.122,196.024,36.5,0.099390
245.372,195.997,35.9,0.096757
245.622,195.777,30.7,0.093521
245.872,195.395,27.1,0.094643
246.122,195.725,30.8,0.094633
246.372,195.935,32.6,0.099257
246.622,195.982,34.3,0.098343
246.872,195.892,30.6,0.094414
247.122,194.955,26.4,0.094082
247.372,195.753,29.2,0.092953
247.622,195.920,31.6,0.096010
247.872,195.986,31.7,0.098267
248.122,196.099,31.6,0.097906
248.372,195.993,30.5,0.099601
248.622,196.204,28.9,0.099779
248.872,196.023,31.3,0.099868
249.122,196.043,30.4,0.101568
249.372,196.323,28.4,0.102811
249.622,196.356,28.1,0.102182
249.872,196.245,32.2,0.102348
250.122,196.272,35.4,0.101139
250.372,196.290,37.1,0.097792
250.622,196.461,34.9,0.097675
250.872,196.595,31.9,0.096598
251.122,196.885,28.5,0.093744
251.372,196.794,26.4,0.091777
251.622,195.900,19.3,0.090426
251.872,196.550,29.3,0.092081
252.122,196.767,34.0,0.095836
252.372,196.828,38.3,0.098022
252.622,196.863,37.1,0.098672
252.872,196.886,37.7,0.098792
253.122,196.868,37.0,0.096925
253.372,196.741,37.1,0.094015
253.622,196.573,33.7,0.093509
253.872,196.406,29.8,0.093862
254.122,195.379,28.8,0.096045
254.372,196.393,34.9,0.101232
254.622,196.479,39.3,0.103667
254.872,196.438,39.4,0.102574
255.122,196.598,39.7,0.099979
255.372,196.545,38.0,0.094655
255.622,196.326,35.3,0.090322
255.872,196.705,28.6,0.092431
256.122,196.878,31.1,0.097306
256.372,196.801,35.0,0.100498
256.622,196.888,36.8,0.102610
256.872,196.445,37.7,0.099203
257.122,196.493,36.1,0.094504
257.372,196.564,34.2,0.095527
257.622,196.556,31.3,0.097470
257.872,196.689,31.7,0.100382
258.122,196.719,33.1,0.102072
258.372,196.818,34.9,0.097841
258.622,196.735,36.0,0.093768
258.872,196.816,33.8,0.089481
259.122,196.821,27.8,0.087740
259.372,197.417,24.2,0.092161
259.622,197.852,26.9,0.095536
259.872,197.877,26.6,0.100782
260.122,197.609,27.6,0.104924
260.372,197.112,30.7,0.106602
260.622,197.196,31.9,0.107174
260.872,197.034,29.6,0.105309
261.122,196.888,25.5,0.104999
261.372,197.191,27.7,0.102046
261.622,197.247,32.5,0.101050
261.872,196.996,35.4,0.099705
262.122,196.980,35.9,0.094852
262.372,196.764,36.3,0.093841
262.622,196.766,35.5,0.093308
262.872,197.136,32.2,0.092867
263.122,197.139,29.4,0.093176
263.372,196.588,26.1,0.093312
263.622,197.158,24.7,0.093032
263.872,197.803,26.6,0.096538
264.122,197.990,30.0,0.100564
264.372,197.692,33.3,0.101222
264.622,197.457,33.8,0.101498
264.872,197.475,34.8,0.098566
265.122,197.512,31.0,0.096287
265.372,196.875,26.1,0.096955
265.622,197.306,25.8,0.098238
265.872,197.375,25.1,0.098176
266.122,197.261,21.2,0.099261
266.372,197.031,24.5,0.100883
266.622,198.038,33.0,0.098213
266.872,197.909,35.0,0.099019
267.122,197.836,35.7,0.099125
267.372,197.741,37.4,0.097549
267.622,197.499,37.1,0.098870
267.872,197.445,37.3,0.098011
268.122,197.476,35.0,0.095814
268.372,197.473,32.3,0.097816
268.622,196.512,31.1,0.098969
268.872,197.126,31.1,0.099644
269.122,197.519,34.6,0.100100
269.372,197.909,35.0,0.096550
269.622,198.249,33.6,0.095304
269.872,198.103,33.0,0.096822
270.122,197.847,32.5,0.097292
270.372,198.266,32.9,0.097224
270.622,198.310,30.8,0.097065
270.872,199.301,27.1,0.097607
271.122,197.686,25.5,0.098891
271.372,197.207,25.9,0.101111
271.622,197.597,32.6,0.100063
271.872,197.506,33.6,0.099020
272.122,198.832,29.9,0.099057
272.372,197.712,28.5,0.100358
272.622,196.811,33.3,0.102125
272.872,197.349,33.7,0.100160
273.122,197.079,29.0,0.099353
273.372,198.671,29.7,0.097298
273.622,197.793,34.7,0.096389
273.872,197.646,34.1,0.096795
274.122,197.737,29.9,0.096307
274.372,197.670,30.8,0.096985
274.622,197.626,33.1,0.097215
274.872,197.699,34.1,0.097421
275.122,197.733,32.5,0.098055
275.372,198.234,28.0,0.097777
275.622,197.663,28.3,0.098753
275.872,197.629,33.2,0.096416
276.122,197.712,33.5,0.095041
276.372,197.576,31.7,0.095759
276.622,197.591,33.3,0.092434
276.872,197.683,33.2,0.093811
277.122,196.463,29.3,0.093148
277.372,197.408,30.1,0.089945
277.622,197.849,29.6,0.094130
277.872,199.067,28.8,0.097008
278.122,198.635,30.0,0.099257
278.372,198.203,31.4,0.101147
278.622,197.804,34.2,0.099599
278.872,197.178,28.4,0.099194
279.122,197.125,30.8,0.097838
279.372,198.019,33.6,0.097452
279.622,198.866,31.8,0.098840
279.872,198.272,29.7,0.097713
280.122,198.220,33.0,0.097468
280.372,198.593,29.5,0.098228
280.622,198.828,31.4,0.097421
280.872,198.449,28.2,0.097626
281.122,198.305,25.6,0.099456
281.372,197.824,26.8,0.098437
281.622,198.270,28.1,0.097752
281.872,198.934,29.3,0.095748
282.122,199.374,23.7,0.093629
282.372,199.402,23.0,0.092416
282.622,199.528,26.7,0.091859
282.872,199.640,26.6,0.094212
283.122,198.877,19.9,0.096561
283.372,200.569,17.0,0.101413
283.622,200.185,21.4,0.104645
283.872,199.378,26.4,0.106647
284.122,199.235,27.5,0.106791
284.372,199.359,28.0,0.105587
284.622,199.145,24.2,0.105716
284.872,200.154,21.2,0.104546
285.122,199.921,21.0,0.104803
285.372,197.827,23.9,0.105944
285.622,198.363,25.0,0.104935
285.872,198.596,27.1,0.108138
286.122,198.427,25.1,0.109923
286.372,198.201,21.4,0.107385
286.622,199.071,21.7,0.104077
286.872,198.985,25.9,0.096201
287.122,199.038,29.7,0.091055
287.372,198.985,30.6,0.092441
287.622,199.382,25.6,0.095407
287.872,200.040,20.5,0.100067
288.122,206.184,18.7,0.103564
288.372,199.341,21.0,0.102947
288.622,199.751,23.9,0.102032
288.872,200.077,24.9,0.103104
289.122,200.166,22.9,0.100935
289.372,199.271,26.8,0.099700
289.622,199.525,29.3,0.099542
289.872,200.619,27.9,0.096784
290.122,199.580,30.0,0.096766
290.372,199.369,29.9,0.098837
290.622,200.061,26.2,0.099485
290.872,201.336,22.7,0.101131
291.122,199.158,27.1,0.100699
291.372,199.203,32.7,0.100088
291.622,199.483,34.9,0.099776
291.872,199.590,31.8,0.100090
292.122,200.656,33.2,0.101778
292.372,200.133,34.4,0.099395
292.622,200.363,35.7,0.099214
292.872,200.652,35.0,0.100281
293.122,199.825,34.1,0.099870
293.372,199.931,35.8,0.099911
293.622,199.991,36.3,0.096885
293.872,199.521,33.1,0.095474
294.122,199.213,32.5,0.096455
294.372,199.506,34.5,0.100061
294.622,199.600,38.6,0.102101
294.872,199.792,35.3,0.099915
295.122,199.991,34.2,0.095605
295.372,200.432,33.5,0.092396
295.622,200.104,32.6,0.094235
295.872,199.553,34.0,0.094762
296.122,199.630,34.5,0.094396
296.372,199.802,31.9,0.091763
296.622,199.862,27.2,0.091067
296.872,200.129,28.7,0.090643
297.122,200.318,30.8,0.091970
297.372,200.173,28.9,0.096183
297.622,200.128,27.1,0.096702
297.872,200.224,32.2,0.098577
298.122,200.396,35.4,0.097770
298.372,200.624,36.2,0.094922
298.622,200.839,31.2,0.093421
298.872,200.327,29.9,0.094582
299.122,200.579,31.8,0.100098
299.372,200.450,35.7,0.103953
299.622,200.232,36.5,0.103724
299.872,200.249,34.7,0.101557
300.122,200.631,32.0,0.100817
300.372,200.611,37.9,0.098395
300.622,200.652,38.3,0.095415
300.872,200.795,35.4,0.095294
301.122,201.737,33.1,0.095553
301.372,201.226,34.6,0.096792
301.622,200.903,39.5,0.098287
301.872,200.812,37.0,0.098887
302.122,201.661,36.2,0.100694
302.372,201.238,35.7,0.101251
302.622,201.021,39.5,0.103417
302.872,200.765,39.1,0.102711
303.122,200.833,38.2,0.098534
303.372,200.772,36.4,0.096064
303.622,201.225,34.7,0.093107
303.872,200.994,32.6,0.090180
304.122,201.370,31.5,0.089726
304.372,199.690,28.5,0.089752
304.622,200.277,32.8,0.093784
304.872,200.599,35.1,0.098286
305.122,201.093,35.0,0.098506
305.372,201.244,34.9,0.099984
305.622,201.209,35.8,0.096614
305.872,201.612,36.5,0.097869
306.122,201.496,36.5,0.096567
306.372,201.433,36.0,0.097294
306.622,201.799,37.0,0.103401
306.872,201.463,38.7,0.101467
307.122,201.292,38.4,0.103894
307.372,201.696,40.0,0.107268
307.622,201.405,40.4,0.106000
307.872,201.228,40.5,0.104897
308.122,201.468,38.1,0.100986
308.372,201.481,36.7,0.092555
308.622,201.255,31.2,0.087296
308.872,201.379,28.0,0.086307
309.122,201.147,30.7,0.089357
309.372,201.566,35.6,0.097190
309.622,201.618,38.4,0.103572
309.872,201.399,40.5,0.105995
310.122,201.512,40.3,0.105687
310.372,201.518,37.2,0.098715
310.622,201.119,33.0,0.094793
310.872,202.123,32.4,0.097859
311.122,201.475,37.2,0.102997
311.372,201.488,40.4,0.106741
311.622,201.465,40.3,0.105255
311.872,201.446,37.6,0.100809
312.122,200.759,33.9,0.097957
312.372,201.014,30.6,0.096812
312.622,201.760,33.6,0.098012
312.872,202.088,34.0,0.098522
313.122,202.169,33.4,0.096834
313.372,202.100,29.2,0.100934
313.622,200.632,27.2,0.102809
313.872,201.397,28.9,0.107346
314.122,201.696,34.2,0.109431
314.372,202.144,38.2,0.108921
314.622,202.243,39.1,0.105342
314.872,202.078,38.9,0.099432
315.122,201.707,30.5,0.100694
315.372,201.218,32.7,0.101844
315.622,201.800,39.3,0.104617
315.872,201.965,39.6,0.105243
316.122,201.683,37.5,0.104726
316.372,201.447,38.1,0.104134
316.622,201.788,41.4,0.102449
316.872,201.819,40.6,0.107418
317.122,201.776,39.3,0.102682
317.372,201.998,39.0,0.095654
317.622,202.931,35.1,0.099161
317.872,202.495,35.0,0.100283
318.122,202.156,41.3,0.103987
318.372,202.146,42.9,0.106036
318.622,202.152,40.2,0.101073
318.872,202.711,34.7,0.094035
319.122,202.967,34.1,0.090835
319.372,202.299,33.6,0.091365
319.622,202.086,35.5,0.092237
319.872,202.056,33.9,0.092239
320.122,201.837,33.2,0.095593
320.372,202.351,36.1,0.098471
320.622,202.714,37.9,0.101425
320.872,202.921,39.8,0.102473
321.122,202.925,37.5,0.096357
321.372,202.406,32.9,0.095027
321.622,202.323,32.2,0.092209
321.872,202.388,34.6,0.092732
322.122,202.316,34.8,0.096734
322.372,202.212,35.2,0.096313
322.622,202.051,36.9,0.096169
322.872,201.781,36.1,0.096154
323.122,201.800,36.2,0.095324
323.372,202.132,37.8,0.096120
323.622,202.413,35.6,0.102015
323.872,202.422,36.5,0.104814
324.122,202.379,41.5,0.107057
324.372,202.688,40.4,0.107626
324.622,202.862,38.7,0.105024
324.872,202.853,37.2,0.099465
325.122,202.885,34.3,0.096916
325.372,202.159,31.1,0.095956
325.622,202.169,26.2,0.097432
325.872,202.108,26.9,0.102052
326.122,202.684,30.4,0.102521
326.372,203.330,35.3,0.097989
326.622,203.508,30.9,0.095318
326.872,204.405,30.2,0.093903
327.122,203.446,32.3,0.095623
327.372,203.553,35.6,0.098789
327.622,203.840,33.7,0.097468
327.872,203.656,33.4,0.095031
328.122,203.639,29.1,0.094875
328.372,204.151,30.8,0.095249
328.622,203.880,26.2,0.097490
328.872,204.277,24.0,0.100470
329.122,201.924,22.4,0.098693
329.372,201.618,21.4,0.098265
329.622,202.201,28.0,0.097021
329.872,202.543,29.7,0.096952
330.122,202.552,29.3,0.096196
330.372,202.366,27.4,0.098145
330.622,202.517,23.0,0.098607
330.872,202.960,27.7,0.098310
331.122,202.854,32.2,0.097915
331.372,203.036,29.7,0.093209
331.622,204.013,29.2,0.091609
331.872,203.254,29.4,0.091426
332.122,203.011,29.5,0.091877
332.372,202.395,29.9,0.092851
332.622,202.354,29.0,0.094774
332.872,202.005,30.7,0.093220
333.122,202.234,30.6,0.093719
333.372,202.016,30.1,0.092438
333.622,205.709,23.7,0.092181
333.872,203.150,27.0,0.090106
334.122,203.790,28.9,0.090787
334.372,203.460,32.5,0.093513
334.622,203.916,30.1,0.092848
334.872,204.241,33.5,0.093125
335.122,205.416,28.3,0.090982
335.372,204.595,28.8,0.093038
335.622,205.048,32.9,0.090657
335.872,205.094,31.7,0.092210
336.122,204.963,28.7,0.094010
336.372,204.558,27.4,0.092012
336.622,204.202,26.6,0.094869
336.872,204.548,30.9,0.094579
337.122,205.139,27.1,0.093273
337.372,202.930,22.8,0.093045
337.622,204.712,24.2,0.092838
337.872,205.030,26.3,0.092528
338.122,206.210,28.3,0.095444
338.372,206.315,26.7,0.096637
338.622,203.847,25.3,0.095749
338.872,203.597,27.6,0.099899
339.122,200.616,30.2,0.098694
339.372,200.250,33.2,0.100073
339.622,200.136,30.6,0.100785
339.872,194.093,28.4,0.096766
340.122,193.535,27.8,0.098540
340.372,189.870,29.3,0.094511
340.622,189.337,28.8,0.094377
340.872,188.194,31.8,0.095453
341.122,186.197,31.9,0.090967
341.372,185.308,32.5,0.091842
341.622,182.998,34.0,0.087115
341.872,182.733,31.5,0.082368
342.122,178.917,31.8,0.083829
342.372,177.687,28.8,0.083904
342.622,174.464,29.9,0.086437
342.872,174.122,28.3,0.088602
343.122,172.723,25.1,0.087923
343.372,168.377,27.3,0.087677
343.622,167.240,26.0,0.089640
343.872,167.102,24.0,0.092913
344.122,165.541,20.2,0.094285
344.372,161.388,26.5,0.093366
344.622,160.228,27.4,0.089468
344.872,159.750,28.3,0.086903
345.122,159.591,28.8,0.084723
345.372,158.770,29.0,0.084872
345.622,153.123,26.3,0.086568
345.872,156.024,27.7,0.088089
346.122,155.742,29.2,0.087312
346.372,148.187,27.6,0.086569
346.622,148.089,27.3,0.088390
346.872,144.490,25.7,0.087036
347.122,143.620,30.8,0.087277
347.372,142.878,33.7,0.088450
347.622,142.431,29.9,0.084407
347.872,141.193,25.9,0.082089
348.122,137.033,27.2,0.082919
348.372,137.429,23.8,0.083318
348.622,135.028,22.7,0.083670
348.872,135.397,23.2,0.083537
349.122,131.238,22.5,0.082840
349.372,130.623,22.4,0.080196
349.622,128.034,21.1,0.081062
349.872,127.870,18.1,0.081398
350.122,123.675,16.7,0.081232
350.372,119.260,21.4,0.080205
350.622,118.793,19.9,0.080884
350.872,115.386,23.5,0.078295
351.122,114.459,23.7,0.078507
351.372,113.822,20.0,0.078897
351.622,110.468,15.9,0.077764
351.872,109.818,17.4,0.080796
352.122,107.426,19.2,0.078558
352.372,106.799,16.8,0.079190
352.622,103.460,16.0,0.078652
352.872,101.694,19.5,0.076594
353.122,100.596,23.0,0.077979
353.372,99.809,22.9,0.077703
353.622,99.354,17.4,0.077215
353.872,95.392,18.3,0.075254
354.122,94.488,20.6,0.072148
354.372,93.708,17.5,0.072306
354.622,,,0.072776
354.872,,,0.074431
355.122,87.674,16.0,0.071812
355.372,87.134,19.5,0.069298
355.622,86.386,16.9,0.070437
355.872,,,0.072157
356.122,,,0.079672
356.372,,,0.078495
356.622,,,0.075821
356.872,,,0.070605
357.122,,,0.058858
357.372,,,0.054981
357.622,,,0.048240
357.872,,,0.047755
358.122,,,0.051379
358.372,,,0.054240
358.622,,,0.058191
358.872,,,0.055988
359.122,,,0.057085
359.372,,,0.059327
359.622,,,0.058586
359.872,,,0.062652
360.122,,,0.066019
360.372,,,0.067316
360.622,,,0.069508
360.872,,,0.069647
361.122,,,0.067380
361.372,,,0.065890
361.622,,,0.066332
361.872,,,0.065591
362.122,,,0.066795
362.372,,,0.066861
362.622,,,0.065884
362.872,,,0.067017
363.122,,,0.065200
363.372,,,0.065563
363.622,,,0.070223
363.872,,,0.069113
364.122,,,0.071534
364.372,,,0.070385
364.622,,,0.066324
364.872,,,0.066021
365.122,,,0.062968
365.372,,,0.062118
365.622,,,0.058914
365.872,,,0.057625
366.122,,,0.058034
366.372,,,0.057069
366.622,,,0.057372
366.872,,,0.057782
367.122,,,0.055936
367.372,,,0.056115
367.622,,,0.054650
367.872,,,0.052829
368.122,,,0.052889
368.372,,,0.053338
368.622,,,0.054511
368.872,,,0.056184
369.122,,,0.057852
369.372,,,0.058317
369.622,,,0.057662
369.872,,,0.056713
370.122,,,0.054719
370.372,,,0.054208
370.622,,,0.055058
370.872,,,0.056147
371.122,,,0.057287
371.372,,,0.056883
371.622,,,0.059424
371.872,,,0.060466
372.122,,,0.060651
372.372,,,0.062622
372.622,,,0.063408
372.872,,,0.063946
373.122,,,0.064539
373.372,,,0.063685
373.622,,,0.062149
373.872,,,0.060817
374.122,,,0.059530
374.372,,,0.059900
374.622,,,0.061683
374.872,,,0.063280
375.122,,,0.064284
375.372,,,0.062904
375.622,,,0.059603
375.872,,,0.056756
376.122,,,0.055959
376.372,,,0.055392
376.622,,,0.055831
376.872,,,0.057164
377.122,,,0.055845
377.372,,,0.055833
377.622,,,0.055524
377.872,,,0.054333
378.122,,,0.054912
378.372,,,0.054387
378.622,,,0.054055
378.872,,,0.055146
379.122,,,0.054851
379.372,,,0.055352
379.622,,,0.054994
379.872,,,0.054638
380.122,,,0.055313
380.372,,,0.056395
380.622,,,0.057712
380.872,,,0.057926
381.122,,,0.057894
381.372,,,0.056781
381.622,,,0.056981
381.872,,,0.058234
382.122,,,0.058964
382.372,,,0.059042
382.622,,,0.057774
382.872,,,0.056356
383.122,,,0.055049
383.372,,,0.054052
383.622,,,0.054396
383.872,,,0.053461
384.122,,,0.053817
384.372,,,0.054859
384.622,,,0.054505
384.872,,,0.056339
385.122,,,0.056413
385.372,,,0.056327
385.622,,,0.055774
385.872,,,0.053958
386.122,,,0.053668
386.372,,,0.052920
386.622,,,0.052784
386.872,,,0.054122
387.122,,,0.055260
387.372,,,0.056361
387.622,,,0.056814
387.872,,,0.056441
388.122,,,0.055942
388.372,,,0.055469
388.622,,,0.056823
388.872,,,0.057017
389.122,,,0.058995
389.372,,,0.059634
389.622,,,0.061958
389.872,,,0.061365
390.122,,,0.060763
390.372,,,0.061341
390.622,,,0.058574
390.872,,,0.058937
391.122,,,0.057357
391.372,,,0.056452
391.622,,,0.056276
391.872,,,0.055316
392.122,,,0.055953
392.372,,,0.056733
392.622,,,0.055404
392.872,,,0.056236
393.122,,,0.056027
393.372,,,0.054434
393.622,,,0.053501
393.872,,,0.052394
394.122,,,0.053176
394.372,,,0.054718
394.622,,,0.057593
394.872,,,0.059650
395.122,,,0.058743
395.372,,,0.057855
395.622,,,0.055514
395.872,,,0.052865
396.122,,,0.053611
396.372,,,0.055750
396.622,,,0.058349
396.872,,,0.058570
397.122,,,0.057669
397.372,,,0.056472
397.622,,,0.055724
397.872,,,0.055887
398.122,,,0.056237
398.372,,,0.057339
398.622,,,0.056642
398.872,,,0.056988
399.122,,,0.057747
399.372,,,0.057271
399.622,,,0.056525
399.872,,,0.056421
400.122,,,0.055214
400.372,,,0.055413
400.622,,,0.055310
400.872,,,0.054787
401.122,,,0.054517
401.372,,,0.053204
401.622,,,0.053782
401.872,,,0.053852
402.122,,,0.054170
402.372,,,0.054363
402.622,,,0.054129
402.872,,,0.054815
403.122,,,0.055864
403.372,,,0.054744
403.622,,,0.054992
403.872,,,0.054777
404.122,,,0.053858
404.372,,,0.055454
404.622,,,0.056326
404.872,,,0.056358
405.122,,,0.056370
405.372,,,0.055856
405.622,,,0.056282
405.872,,,0.056906
406.122,,,0.056727
406.372,,,0.057346
406.622,,,0.056916
406.872,,,0.057052
407.122,,,0.057264
407.372,,,0.056268
407.622,,,0.055161
407.872,,,0.055467
408.122,,,0.056086
408.372,,,0.056597
408.622,,,0.057981
408.872,,,0.058061
409.122,,,0.057484
409.372,,,0.056668
409.622,,,0.056355
409.872,,,0.056119
410.122,,,0.056463
410.372,,,0.056834
410.622,,,0.057273
410.872,,,0.057001
411.122,,,0.056025
411.372,,,0.055663
411.622,,,0.055428
411.872,,,0.055703
412.122,,,0.056093
412.372,,,0.056127
412.622,,,0.055537
412.872,,,0.055263
413.122,,,0.055673
413.372,,,0.055262
413.622,,,0.055262
413.872,,,0.055303
